prod,near,far,step,drift_run,drift_run_bp,drift_post,drift_post_bp,volx,post_days
FG,FG010,FG011,2020-09-16,55.0,299.56427015250546,-36.0,-196.078431372549,1.1692679333668567,20
FG,FG011,FG012,2020-10-16,-12.0,-66.85236768802228,-77.0,-428.9693593314763,2.5181113236658494,20
FG,FG012,FG101,2020-11-16,10.0,52.54860746190226,-56.0,-294.27220178665266,1.0456248496511729,20
FG,FG101,FG102,2020-12-16,28.0,138.20335636722606,-45.0,-222.11253701875617,2.9220541625286183,21
FG,FG104,FG105,2021-03-16,80.0,381.8615751789976,-218.0,-1040.5727923627685,4.43558548611693,21
FG,FG105,FG106,2021-04-16,-6.0,-26.857654431512984,-133.0,-595.3446732318711,1.3968537078167542,20
FG,FG106,FG107,2021-05-17,18.0,63.85242993969493,8.0,28.37885775097552,0.7228312596589329,20
FG,FG107,FG108,2021-06-16,-64.0,-250.1954652071931,-170.0,-664.5817044566068,0.9550258579437672,20
FG,FG108,FG109,2021-07-16,-26.0,-84.77339419628301,110.0,358.656667753505,1.7997174919546284,20
FG,FG109,FG110,2021-08-16,-46.0,-161.91481872580079,321.0,1129.8838437170011,1.7632067829693723,21
FG,FG110,FG111,2021-09-16,0.0,0.0,46.0,171.5137956748695,1.5639694609298167,18
FG,FG111,FG112,2021-10-18,-248.0,-1104.6770601336302,8.0,35.634743875278396,1.7987296873132552,19
FG,FG112,FG201,2021-11-16,-27.0,-159.2920353982301,161.0,949.8525073746313,1.543818187095358,20
FG,FG201,FG202,2021-12-16,1.0,5.567928730512249,-244.0,-1358.574610244989,0.6285651064820763,21
FG,FG202,FG203,2022-01-17,-23.0,-115.57788944723619,131.0,658.2914572864322,1.901902214513749,19
FG,FG203,FG204,2022-02-16,35.0,158.65820489573892,145.0,657.298277425204,1.262029403904198,18
FG,FG204,FG205,2022-03-16,40.0,198.60973187686196,-92.0,-456.80238331678254,1.9491746630677869,21
FG,FG205,FG206,2022-04-18,-30.0,-158.06111696522657,27.0,142.25500526870388,1.1132544907767135,19
FG,FG206,FG207,2022-05-16,46.0,246.91358024691357,-58.0,-311.3258185721954,1.4248033657865478,21
FG,FG207,FG208,2022-06-16,-67.0,-410.79092581238507,-69.0,-423.05334150827713,0.8700039806202782,20
FG,FG208,FG209,2022-07-18,-9.0,-58.17711700064641,-36.0,-232.70846800258565,1.5274968598202656,19
FG,FG209,FG210,2022-08-16,28.0,175.9899434318039,-99.0,-622.2501571338781,1.201084626035132,21
FG,FG210,FG211,2022-09-16,-54.0,-348.83720930232556,-6.0,-38.75968992248062,1.5879931456173644,20
FG,FG211,FG212,2022-10-17,2.0,12.970168612191959,2.0,12.970168612191959,0.7131148058793146,20
FG,FG212,FG301,2022-11-16,-63.0,-441.79523141654977,-15.0,-105.18934081346423,1.057239430805763,20
FG,FG301,FG302,2022-12-16,-1.0,-6.747638326585695,-145.0,-978.4075573549258,1.7304295718310772,20
FG,FG302,FG303,2023-01-16,26.0,159.50920245398774,21.0,128.83435582822085,0.9437607224941071,16
FG,FG303,FG304,2023-02-16,-6.0,-39.603960396039604,-4.0,-26.402640264026402,2.265838234204574,18
FG,FG304,FG305,2023-03-16,-38.0,-244.05908798972382,-162.0,-1040.4624277456649,0.725677155194144,21
FG,FG305,FG306,2023-04-17,49.0,264.57883369330455,201.0,1085.3131749460042,3.6513166266821937,19
FG,FG306,FG307,2023-05-16,61.0,346.5909090909091,-52.0,-295.45454545454544,2.1126656537141795,21
FG,FG307,FG308,2023-06-16,33.0,192.98245614035088,-52.0,-304.093567251462,0.6738327719604069,18
FG,FG308,FG309,2023-07-17,-2.0,-11.580775911986102,8.0,46.32310364794441,0.6488980677194811,20
FG,FG309,FG310,2023-08-16,14.0,76.96536558548652,-48.0,-263.88125343595385,2.239074912632435,21
FG,FG310,FG311,2023-09-18,-25.0,-133.26226012793177,-35.0,-186.56716417910445,1.0985631863604446,18
FG,FG311,FG312,2023-10-16,38.0,208.21917808219177,-60.0,-328.7671232876712,1.603687075021804,21
FG,FG312,FG401,2023-11-16,-88.0,-512.2235157159488,14.0,81.49010477299184,0.9343496706990753,20
FG,FG401,FG402,2023-12-18,-60.0,-352.3194362889019,-12.0,-70.46388725778039,2.7970915126667837,19
FG,FG402,FG403,2024-01-16,9.0,51.252847380410024,-14.0,-79.72665148063783,0.6663161616884341,21
FG,FG403,FG404,2024-02-19,1.0,5.64652738565782,77.0,434.7826086956522,0.6761512924055926,18
FG,FG404,FG405,2024-03-18,-7.0,-44.41624365482234,-18.0,-114.21319796954315,1.6061717880849615,19
FG,FG405,FG406,2024-04-16,1.0,6.644518272425249,-144.0,-956.8106312292358,1.0811643864810296,20
FG,FG406,FG407,2024-05-16,-40.0,-263.3311389071758,102.0,671.4944042132983,1.2193273319731854,21
FG,FG407,FG408,2024-06-17,31.0,198.59064702114028,-70.0,-448.4304932735426,5.72701235551585,19
FG,FG408,FG409,2024-07-16,-16.0,-110.88011088011088,14.0,97.02009702009701,1.3570914291370748,21
FG,FG409,FG410,2024-08-16,8.0,64.56820016142049,-50.0,-403.5512510088781,1.121085883803435,20
FG,FG410,FG411,2024-09-18,-7.0,-74.15254237288136,-32.0,-338.9830508474576,1.4733634989370412,18
FG,FG411,FG412,2024-10-16,-77.0,-680.2120141342756,59.0,521.2014134275619,2.2068947902844425,21
FG,FG412,FG501,2024-11-18,27.0,216.34615384615384,-6.0,-48.07692307692308,1.4617108324467967,19
FG,FG501,FG502,2024-12-16,-5.0,-40.95004095004095,-11.0,-90.09009009009009,0.7724083189533644,21
FG,FG502,FG503,2025-01-16,-13.0,-95.44787077826724,21.0,154.1850220264317,1.1706569764444015,17
FG,FG503,FG504,2025-02-17,-20.0,-167.36401673640165,-64.0,-535.5648535564853,2.1708038558402674,19
FG,FG504,FG505,2025-03-17,-16.0,-137.81223083548664,61.0,525.4091300602928,0.9175381597748946,20
FG,FG505,FG506,2025-04-16,34.0,295.3953084274544,-3.0,-26.064291920069508,2.164213397206295,20
FG,FG506,FG507,2025-05-16,24.0,233.0097087378641,24.0,233.0097087378641,0.8282326130255482,20
FG,FG507,FG508,2025-06-16,-12.0,-125.78616352201259,-127.0,-1331.236897274633,0.9837002755275673,20
FG,FG508,FG509,2025-07-16,-6.0,-55.35055350553505,-7.0,-64.57564575645756,1.317549516197486,21
FG,FG509,FG510,2025-08-18,-64.0,-621.3592233009708,12.0,116.50485436893204,1.7974170746669884,19
FG,FG510,FG511,2025-09-16,-17.0,-152.46636771300447,-5.0,-44.84304932735426,1.2626516819422147,20
FG,FG511,FG512,2025-10-16,-10.0,-95.96928982725527,28.0,268.71401151631477,0.9780955080883684,21
FG,FG512,FG601,2025-11-17,0.0,0.0,1.0,9.68054211035818,1.1612953160783481,19
FG,FG601,FG602,2025-12-16,15.0,158.56236786469344,-17.0,-179.70401691331924,1.9973855621980026,21
FG,FG602,FG603,2026-01-16,-13.0,-129.35323383084577,-6.0,-59.701492537313435,0.9518353864906075,20
FG,FG603,FG604,2026-02-24,12.0,123.32990750256937,-34.0,-349.4347379239465,0.8552070197606974,13
FG,FG604,FG605,2026-03-16,-3.0,-27.272727272727273,81.0,736.3636363636364,1.4867454478578561,21
FG,FG605,FG606,2026-04-16,-1.0,-10.460251046025103,19.0,198.744769874477,0.77096016418796,20
FG,FG606,FG607,2026-05-18,-23.0,-244.16135881104034,9.0,95.54140127388534,0.9493050457729958,19
FG,FG607,FG608,2026-06-16,-1.0,-10.81081081081081,28.0,302.7027027027027,1.4287414809268852,17
MA,MA010,MA011,2020-09-16,-2.0,-10.141987829614605,29.0,147.05882352941177,1.834296482175492,20
MA,MA011,MA012,2020-10-16,-15.0,-76.41365257259297,161.0,820.1732042791646,1.0891254125513414,20
MA,MA012,MA101,2020-11-16,-22.0,-100.68649885583524,9.0,41.18993135011442,1.2382133117674299,20
MA,MA101,MA102,2020-12-16,-27.0,-111.15685467270481,45.0,185.26142445450805,0.967929395697354,21
MA,MA102,MA103,2021-01-18,-13.0,-53.652496904663636,-20.0,-82.54230293025175,0.9733372951194605,19
MA,MA103,MA104,2021-02-18,-50.0,-211.50592216582064,-50.0,-211.50592216582064,0.8921532125305747,16
MA,MA104,MA105,2021-03-16,-19.0,-77.8050778050778,-182.0,-745.2907452907453,1.9282682716146926,21
MA,MA105,MA106,2021-04-16,36.0,145.16129032258064,48.0,193.5483870967742,2.1760796494626913,20
MA,MA106,MA107,2021-05-17,-37.0,-138.11123553564764,28.0,104.51661067562523,1.6146858030550717,20
MA,MA107,MA108,2021-06-16,6.0,23.631350925561243,-135.0,-531.705395825128,1.4647913231041452,20
MA,MA108,MA109,2021-07-16,-66.0,-248.68123587038434,-91.0,-342.87867370007535,1.0007943055662287,20
MA,MA109,MA110,2021-08-16,-43.0,-160.3281133482476,19.0,70.84265473527219,1.5569021765125968,21
MA,MA110,MA111,2021-09-16,-8.0,-26.542800265428003,345.0,1144.6582614465826,1.6029051395643612,18
MA,MA111,MA112,2021-10-18,13.0,34.040324692327836,372.0,974.076983503535,1.920797174429812,19
MA,MA112,MA201,2021-11-16,47.0,180.56089127929314,-62.0,-238.18670764502497,0.6140648617216258,20
MA,MA201,MA202,2021-12-16,1.0,3.6900369003690034,-124.0,-457.56457564575646,1.7037718771118264,21
MA,MA202,MA203,2022-01-17,-34.0,-127.96386902521641,-55.0,-207.0003763643207,0.7442930899033351,19
MA,MA203,MA204,2022-02-16,-21.0,-77.89317507418397,231.0,856.8249258160238,0.7848360022674068,18
MA,MA204,MA205,2022-03-16,-23.0,-79.14659325533378,-63.0,-216.79284239504472,1.092721874902489,21
MA,MA205,MA206,2022-04-18,-39.0,-133.24222753672703,-8.0,-27.331738981892723,0.8891904640285808,19
MA,MA206,MA207,2022-05-16,10.0,36.20564808110065,-58.0,-209.99275887038377,0.45307535891800177,21
MA,MA207,MA208,2022-06-16,-39.0,-142.70032930845227,-20.0,-73.17965605561653,1.1358439066873458,20
MA,MA208,MA209,2022-07-18,42.0,175.07294706127553,15.0,62.52605252188412,1.269342898422397,19
MA,MA209,MA210,2022-08-16,-1.0,-4.07000407000407,105.0,427.35042735042737,2.4942569145206455,21
MA,MA210,MA211,2022-09-16,-20.0,-72.72727272727273,66.0,240.0,1.3573745811030415,20
MA,MA211,MA212,2022-10-17,43.0,157.56687431293514,-10.0,-36.64345914254306,2.039569699614478,20
MA,MA212,MA301,2022-11-16,13.0,48.435171385991055,44.0,163.9344262295082,1.27279626856054,20
MA,MA301,MA302,2022-12-16,-79.0,-307.7522399688352,-7.0,-27.269185820023374,1.9089317269122095,20
MA,MA302,MA303,2023-01-16,16.0,60.92916984006093,5.0,19.04036557501904,0.8059705645889929,16
MA,MA303,MA304,2023-02-16,21.0,79.45516458569807,18.0,68.1044267877412,1.944508608906621,18
MA,MA304,MA305,2023-03-16,-17.0,-67.91849780263684,-112.0,-447.4630443467838,1.7625638768395253,21
MA,MA305,MA306,2023-04-17,-7.0,-28.11244979919679,-42.0,-168.67469879518072,1.3436489143609247,19
MA,MA306,MA307,2023-05-16,-3.0,-13.297872340425531,24.0,106.38297872340425,1.0489670835335463,21
MA,MA307,MA308,2023-06-16,-5.0,-24.521824423737126,-83.0,-407.0622854340363,1.9852928146267523,18
MA,MA308,MA309,2023-07-17,8.0,36.101083032490976,-37.0,-166.96750902527077,0.8745851465074235,20
MA,MA309,MA310,2023-08-16,13.0,56.54632448890822,-19.0,-82.64462809917356,1.5480194918495727,21
MA,MA310,MA311,2023-09-18,13.0,49.7131931166348,-46.0,-175.90822179732314,0.5744324396630348,18
MA,MA311,MA312,2023-10-16,11.0,44.42649434571891,93.0,375.60581583198706,1.389852045376278,21
MA,MA312,MA401,2023-11-16,-10.0,-40.04805766920305,46.0,184.22106527833398,1.3366755853949899,20
MA,MA401,MA402,2023-12-18,9.0,37.3134328358209,-33.0,-136.81592039800995,1.0587421894738072,19
MA,MA402,MA403,2024-01-16,6.0,24.979184013322232,-111.0,-462.1149042464613,1.0744951732328134,21
MA,MA403,MA404,2024-02-19,14.0,54.474708171206224,-10.0,-38.91050583657588,0.8926238016011191,18
MA,MA404,MA405,2024-03-18,-22.0,-85.20526723470178,-1.0,-3.872966692486445,3.104956789361249,19
MA,MA405,MA406,2024-04-16,-30.0,-117.83189316575019,12.0,47.13275726630008,1.2928972826577962,20
MA,MA406,MA407,2024-05-16,15.0,56.11672278338945,106.0,396.5581743359521,1.329191020310063,21
MA,MA407,MA408,2024-06-17,-21.0,-83.43265792610251,-25.0,-99.32459276916964,1.9306472097844931,19
MA,MA408,MA409,2024-07-16,-26.0,-102.08087946603848,-11.0,-43.188064389477816,1.2223336572966872,21
MA,MA409,MA410,2024-08-16,18.0,74.56503728251865,-65.0,-269.2626346313173,1.8760498550384719,20
MA,MA410,MA411,2024-09-18,6.0,24.979184013322232,72.0,299.7502081598668,1.907849760956694,18
MA,MA411,MA412,2024-10-16,-11.0,-45.360824742268036,40.0,164.94845360824743,1.0511419688737496,21
MA,MA412,MA501,2024-11-18,-7.0,-27.833001988071572,-175.0,-695.8250497017892,2.0154376635496742,19
MA,MA501,MA502,2024-12-16,-9.0,-34.52243958573072,42.0,161.1047180667434,0.9733339317480597,21
MA,MA502,MA503,2025-01-16,-16.0,-60.28636021100226,38.0,143.18010550113038,1.9387286466805662,17
MA,MA503,MA504,2025-02-17,-31.0,-120.38834951456312,0.0,0.0,1.010323317125862,19
MA,MA504,MA505,2025-03-17,25.0,95.41984732824427,78.0,297.70992366412213,1.5104752092720493,20
MA,MA505,MA506,2025-04-16,-1.0,-4.221190375685944,-54.0,-227.94428028704093,1.1857846547404434,20
MA,MA506,MA507,2025-05-16,-20.0,-86.88097306689835,-194.0,-842.745438748914,1.0491732076906692,20
MA,MA507,MA508,2025-06-16,-16.0,-63.897763578274756,-7.0,-27.955271565495206,1.2767278996296876,20
MA,MA508,MA509,2025-07-16,-53.0,-225.82019599488711,35.0,149.12654452492544,1.2859446898745097,21
MA,MA509,MA510,2025-08-18,-4.0,-17.444395987788923,-19.0,-82.8608809419974,0.6776164011727165,19
MA,MA510,MA511,2025-09-16,-8.0,-35.02626970227671,41.0,179.50963222416812,1.109765266787721,20
MA,MA511,MA512,2025-10-16,35.0,152.17391304347828,6.0,26.086956521739133,1.6184037720021447,21
MA,MA512,MA601,2025-11-17,-27.0,-135.4062186559679,-14.0,-70.21063189568706,1.8337731007859834,19
MA,MA601,MA602,2025-12-16,2.0,9.62000962000962,-20.0,-96.20009620009621,2.087923727945141,21
MA,MA602,MA603,2026-01-16,-1.0,-4.520795660036166,44.0,198.91500904159133,0.8956589469427403,20
MA,MA603,MA604,2026-02-24,-17.0,-75.62277580071175,-131.0,-582.7402135231316,0.7883722824776794,13
MA,MA604,MA605,2026-03-16,9.0,31.645569620253163,138.0,485.2320675105485,3.0347201672970314,21
MA,MA605,MA606,2026-04-16,-15.0,-47.05144291091593,-274.0,-859.4730238393977,0.5946311193759466,20
MA,MA606,MA607,2026-05-18,-51.0,-165.3160453808752,-74.0,-239.87034035656401,0.5821309660348565,19
MA,MA607,MA608,2026-06-16,114.0,389.07849829351534,-164.0,-559.7269624573379,1.1545528966525382,17
OI,OI011,OI101,2020-10-16,180.0,188.36333193804938,13.0,13.604018417748012,2.0651921739846704,20
OI,OI101,OI103,2020-12-16,-228.0,-235.70763982218548,5.0,5.169027189083015,1.605620264160932,21
OI,OI103,OI105,2021-02-18,-102.0,-97.60765550239233,-49.0,-46.889952153110045,1.988823131503969,16
OI,OI105,OI107,2021-04-16,31.0,28.9395070948469,613.0,572.2554144884242,0.861084660947508,20
OI,OI107,OI109,2021-06-16,-167.0,-166.69994010780596,-406.0,-405.27051307646235,1.2067518151414323,20
OI,OI109,OI111,2021-08-16,-25.0,-23.305677262981263,123.0,114.6639321338678,0.5915188068604672,21
OI,OI111,OI201,2021-10-18,16.0,12.858635377320583,12.0,9.643976532990436,0.9294610209659313,19
OI,OI201,OI203,2021-12-16,-69.0,-55.65413776415551,98.0,79.04500725923536,1.8466992734957688,21
OI,OI203,OI205,2022-02-16,15.0,12.29608984342979,1461.0,1197.6391507500616,0.546282075893277,18
OI,OI205,OI207,2022-04-18,-115.0,-84.77699963140435,-1078.0,-794.6922226317729,1.5054905561419296,19
OI,OI207,OI209,2022-06-16,50.0,35.637918745545264,451.0,321.4540270848183,1.212301971072889,20
OI,OI209,OI211,2022-08-16,42.0,35.96814250235506,410.0,351.11758157060893,1.7545389712467299,21
OI,OI211,OI301,2022-10-17,1131.0,866.2683823529411,-383.0,-293.35171568627453,2.042156863820843,20
OI,OI301,OI303,2022-12-16,-380.0,-344.4837276765479,1293.0,1172.1512102257275,0.8976526183070205,20
OI,OI303,OI305,2023-02-16,119.0,116.12021857923499,-548.0,-534.7384855581577,1.3075081478895498,18
OI,OI305,OI307,2023-04-17,134.0,155.27230590961761,-308.0,-356.89455388180767,1.3012676093949829,19
OI,OI307,OI309,2023-06-16,-10.0,-11.695906432748538,200.0,233.91812865497076,0.8577674272951004,18
OI,OI309,OI311,2023-08-16,-21.0,-22.89077828646174,242.0,263.78896882494,1.8786122857937213,21
OI,OI311,OI401,2023-10-16,-15.0,-16.543509429800377,-108.0,-119.1132678945627,1.1529423405083066,21
OI,OI401,OI403,2023-12-18,12.0,14.803849000740191,-46.0,-56.74808783617074,1.6210865961494314,19
OI,OI403,OI405,2024-02-19,-49.0,-63.52910670296901,-27.0,-35.00583430571762,1.5967173604348155,18
OI,OI405,OI407,2024-04-16,-82.0,-102.80842527582749,-153.0,-191.82547642928787,1.080400075312047,20
OI,OI407,OI409,2024-06-17,-14.0,-17.058608504934814,-113.0,-137.68734007554525,1.3951653975376852,19
OI,OI409,OI411,2024-08-16,32.0,40.19090680733484,110.0,138.15624215021353,0.9186174206115709,20
OI,OI411,OI501,2024-10-16,4.0,4.177109440267335,438.0,457.39348370927314,1.9161189453402996,21
OI,OI501,OI503,2024-12-16,8.0,8.884940026654819,0.0,0.0,1.5074499826350594,21
OI,OI503,OI505,2025-02-17,-8.0,-9.26569376882094,-84.0,-97.28978457261988,1.4815197770729749,19
OI,OI505,OI507,2025-04-16,38.0,40.847038589702244,-216.0,-232.18316672041277,1.1221872452378725,20
OI,OI507,OI509,2025-06-16,4.0,4.1727519298977676,45.0,46.94345921134988,1.2788291098873954,20
OI,OI509,OI511,2025-08-18,-28.0,-28.420625253755585,-49.0,-49.73609419407227,2.1469792424589644,19
OI,OI511,OI601,2025-10-16,-1.0,-0.9901970492127933,-273.0,-270.32379443509257,1.163298999504366,21
OI,OI601,OI603,2025-12-16,-147.0,-157.97958087049972,-191.0,-205.26598602901666,1.1211409606608245,21
OI,OI603,OI605,2026-02-24,-93.0,-98.70515814052217,-144.0,-152.8337932498408,0.7704750866533223,13
OI,OI605,OI607,2026-04-16,-1.0,-1.0539629005059021,146.0,153.87858347386174,1.1926793641837476,20
OI,OI607,OI609,2026-06-16,8.0,8.064516129032258,-154.0,-155.24193548387098,1.1770005375729422,17
TA,TA010,TA011,2020-09-16,2.0,5.564830272676684,52.0,144.68558708959378,1.1663658314049838,20
TA,TA011,TA012,2020-10-16,-4.0,-11.254924029262803,-16.0,-45.01969611705121,0.9000683968538433,20
TA,TA012,TA101,2020-11-16,-12.0,-35.92814371257485,-14.0,-41.91616766467065,1.2097732853180214,20
TA,TA101,TA102,2020-12-16,0.0,0.0,14.0,37.981551817688555,1.194499589071793,21
TA,TA102,TA103,2021-01-18,-6.0,-15.400410677618071,-10.0,-25.66735112936345,1.074028205107228,19
TA,TA103,TA104,2021-02-18,-2.0,-4.708097928436911,42.0,98.87005649717516,1.1458100674456906,16
TA,TA104,TA105,2021-03-16,-12.0,-27.18622564567286,-224.0,-507.4762120525601,1.9922732097714113,21
TA,TA105,TA106,2021-04-16,-2.0,-4.323389537397319,18.0,38.91050583657588,0.7687722876931179,20
TA,TA106,TA107,2021-05-17,4.0,8.707009142359599,-30.0,-65.302568567697,1.1588600095521158,20
TA,TA107,TA108,2021-06-16,-2.0,-4.139072847682119,30.0,62.086092715231786,0.7727993915121382,20
TA,TA108,TA109,2021-07-16,20.0,39.20031360250882,14.0,27.440219521756177,0.7043546175776778,20
TA,TA109,TA110,2021-08-16,-24.0,-46.56577415599534,-48.0,-93.13154831199068,0.8303727092427404,21
TA,TA110,TA111,2021-09-16,-18.0,-36.29032258064516,10.0,20.161290322580644,0.7071270418355736,18
TA,TA111,TA112,2021-10-18,-22.0,-39.85507246376812,8.0,14.492753623188406,0.787963245303591,19
TA,TA112,TA201,2021-11-16,-10.0,-20.08032128514056,-8.0,-16.06425702811245,0.4355439041730599,20
TA,TA201,TA202,2021-12-16,10.0,21.598272138228943,6.0,12.958963282937365,1.9884447356774846,21
TA,TA202,TA203,2022-01-17,6.0,11.355034065102195,-50.0,-94.62528387585164,1.5323708152319098,19
TA,TA203,TA204,2022-02-16,12.0,21.978021978021978,0.0,0.0,0.8556716151909436,18
TA,TA204,TA205,2022-03-16,2.0,3.4698126301179735,44.0,76.33587786259541,3.650963326800821,21
TA,TA205,TA206,2022-04-18,-16.0,-25.940337224383917,108.0,175.09727626459144,0.28681825947104184,19
TA,TA206,TA207,2022-05-16,4.0,5.871990604815032,-2.0,-2.935995302407516,1.1215237554241027,21
TA,TA207,TA208,2022-06-16,8.0,11.15137998327293,140.0,195.14914970727628,1.1988398588545321,20
TA,TA208,TA209,2022-07-18,-4.0,-7.0546737213403885,72.0,126.98412698412699,0.935787562023655,19
TA,TA209,TA210,2022-08-16,182.0,307.53632984116257,398.0,672.5245015207842,0.6421810267757307,21
TA,TA210,TA211,2022-09-16,60.0,98.58692080184028,202.0,331.90930003286235,2.042236937115053,20
TA,TA211,TA212,2022-10-17,46.0,81.32956152758133,108.0,190.94766619519095,0.8737139707286082,20
TA,TA212,TA301,2022-11-16,8.0,14.571948998178506,-18.0,-32.78688524590164,1.246431126594407,20
TA,TA301,TA302,2022-12-16,-42.0,-78.38745800671893,10.0,18.66368047779022,0.9282929276218889,20
TA,TA302,TA303,2023-01-16,-6.0,-10.932944606413994,-6.0,-10.932944606413994,0.8801104692065379,16
TA,TA303,TA304,2023-02-16,6.0,10.905125408942203,42.0,76.33587786259541,0.6854425556409548,18
TA,TA304,TA305,2023-03-16,142.0,250.9720749381407,-90.0,-159.06680805938493,2.0424280039245253,21
TA,TA305,TA306,2023-04-17,34.0,52.533992583436344,-124.0,-191.59456118665017,3.4789917516226887,19
TA,TA306,TA307,2023-05-16,10.0,18.532246108228318,-62.0,-114.89992587101557,1.1109155936646766,21
TA,TA307,TA308,2023-06-16,-46.0,-80.67344791301298,52.0,91.19607155384075,0.8278722816640567,18
TA,TA308,TA309,2023-07-17,-60.0,-103.2346868547832,8.0,13.764624913971094,0.8678006541690303,20
TA,TA309,TA310,2023-08-16,-64.0,-109.96563573883162,12.0,20.61855670103093,0.7137082442547942,21
TA,TA310,TA311,2023-09-18,-18.0,-28.391167192429023,0.0,0.0,1.0845119551014721,18
TA,TA311,TA312,2023-10-16,0.0,0.0,-18.0,-30.653950953678475,1.3200193765734303,21
TA,TA312,TA401,2023-11-16,-30.0,-49.68532626697582,10.0,16.561775422325272,1.0906521254843495,20
TA,TA401,TA402,2023-12-18,-20.0,-35.2112676056338,8.0,14.084507042253522,1.1998659442547344,19
TA,TA402,TA403,2024-01-16,-6.0,-10.351966873706004,10.0,17.25327812284334,0.7823271751758133,21
TA,TA403,TA404,2024-02-19,12.0,20.073603211776515,-76.0,-127.13282034125126,1.317919300067191,18
TA,TA404,TA405,2024-03-18,-22.0,-37.13706954760297,-32.0,-54.01755570560432,0.6269019157922937,19
TA,TA405,TA406,2024-04-16,-20.0,-33.333333333333336,18.0,30.0,0.9994610616692896,20
TA,TA406,TA407,2024-05-16,12.0,20.639834881320947,28.0,48.159614723082214,0.9622142971246894,21
TA,TA407,TA408,2024-06-17,2.0,3.417634996582365,10.0,17.088174982911823,1.0261888857429267,19
TA,TA408,TA409,2024-07-16,6.0,10.295126973232671,-24.0,-41.180507892930684,1.593426104418112,21
TA,TA409,TA410,2024-08-16,-12.0,-21.786492374727672,-94.0,-170.66085693536675,1.9804140370121632,20
TA,TA410,TA411,2024-09-18,-4.0,-8.46740050804403,-14.0,-29.635901778154107,0.516020327523312,18
TA,TA411,TA412,2024-10-16,0.0,0.0,-16.0,-32.232070910556004,1.0137937550497034,21
TA,TA412,TA501,2024-11-18,-6.0,-12.547051442910915,-2.0,-4.182350480970305,0.7033616233643668,19
TA,TA501,TA502,2024-12-16,-4.0,-8.13338755591704,6.0,12.20008133387556,0.4447331903731372,21
TA,TA502,TA503,2025-01-16,4.0,7.6452599388379205,-4.0,-7.6452599388379205,0.8791533784409904,17
TA,TA503,TA504,2025-02-17,-8.0,-15.680125441003527,0.0,0.0,0.5284981975632331,19
TA,TA504,TA505,2025-03-17,-2.0,-4.144218814753419,12.0,24.865312888520513,0.8983351537077333,20
TA,TA505,TA506,2025-04-16,-4.0,-9.537434430138292,48.0,114.44921316165951,0.4800519003083098,20
TA,TA506,TA507,2025-05-16,72.0,146.2225832656377,0.0,0.0,1.2885989242579947,20
TA,TA507,TA508,2025-06-16,36.0,72.63922518159806,-108.0,-217.91767554479418,0.7488882562790641,20
TA,TA508,TA509,2025-07-16,-100.0,-212.4946876328092,54.0,114.74713132171696,1.3500812750443854,21
TA,TA509,TA510,2025-08-18,-38.0,-80.91993185689948,-30.0,-63.88415672913117,0.911413703796093,19
TA,TA510,TA511,2025-09-16,-12.0,-25.77319587628866,-48.0,-103.09278350515464,1.6556498635243613,20
TA,TA511,TA512,2025-10-16,-6.0,-13.574660633484163,-12.0,-27.149321266968325,0.6701896264031143,21
TA,TA512,TA601,2025-11-17,-8.0,-17.152658662092623,10.0,21.44082332761578,0.5471229705082469,19
TA,TA601,TA602,2025-12-16,-10.0,-21.70138888888889,10.0,21.70138888888889,0.7420568025543463,21
TA,TA602,TA603,2026-01-16,-4.0,-8.038585209003216,90.0,180.86816720257235,1.0169537015095211,20
TA,TA603,TA604,2026-02-24,0.0,0.0,-80.0,-150.26296018031556,0.6093730424674147,13
TA,TA604,TA605,2026-03-16,-10.0,-14.359563469270535,16.0,22.975301550832857,2.0719683485935265,21
TA,TA605,TA606,2026-04-16,-56.0,-84.56659619450318,2.0,3.020235578375113,0.6366883752639052,20
TA,TA606,TA607,2026-05-18,-38.0,-57.211683227943396,30.0,45.16711833785004,0.5490700910513495,19
TA,TA607,TA608,2026-06-16,-28.0,-46.90117252931323,56.0,93.80234505862646,0.8676667150785978,17
eg,eg2009,eg2010,2020-08-21,-3.0,-8.04073974805682,196.0,525.3283302063791,0.4894993852228303,25
eg,eg2010,eg2011,2020-09-21,-3.0,-7.985094490284801,49.0,130.4232100079851,1.2340312896763181,20
eg,eg2101,eg2102,2020-12-21,-9.0,-22.35469448584203,-15.0,-37.257824143070046,0.48358235531735677,25
eg,eg2102,eg2103,2021-01-22,117.0,263.39486717694734,-1646.0,-3705.538045925259,4.258024057975614,17
eg,eg2103,eg2104,2021-02-26,169.0,260.56120875732347,14.0,21.584952204748692,2.925198078760803,20
eg,eg2104,eg2105,2021-03-19,-13.0,-25.535258298958947,-58.0,-113.92653702612454,1.8236947064763729,26
eg,eg2105,eg2106,2021-04-22,-52.0,-108.58216746711213,-29.0,-60.55543954896638,0.7637431133509279,21
eg,eg2106,eg2107,2021-05-26,-131.0,-269.5473251028807,-83.0,-170.78189300411523,1.1737407825476092,21
eg,eg2109,eg2110,2021-08-20,-50.0,-100.5631536604988,-522.0,-1049.8793242156073,1.745628466888261,24
eg,eg2110,eg2111,2021-09-23,-47.0,-84.47160316319196,631.0,1134.076204169662,1.8383659084300175,18
eg,eg2111,eg2112,2021-10-28,-91.0,-158.34348355663823,-309.0,-537.6718287802332,2.813452929302803,20
eg,eg2112,eg2201,2021-11-19,61.0,118.90838206627681,-32.0,-62.37816764132553,0.6741379109996569,27
eg,eg2201,eg2202,2021-12-21,-24.0,-50.494424573953296,111.0,233.53671365453397,0.9210126610453803,24
eg,eg2202,eg2203,2022-01-24,-8.0,-15.186028853454822,221.0,419.5140470766894,1.5243849111140064,17
eg,eg2203,eg2204,2022-02-25,-7.0,-14.210312626877792,-66.0,-133.98294762484775,1.205228143444473,21
eg,eg2204,eg2205,2022-03-21,52.0,99.44540065021992,264.0,504.8766494549627,6.349759484740717,24
eg,eg2205,eg2206,2022-04-25,4.0,8.561643835616438,179.0,383.1335616438356,0.6734376994088865,20
eg,eg2206,eg2207,2022-05-25,-16.0,-33.333333333333336,765.0,1593.75,1.906624033212787,22
eg,eg2207,eg2208,2022-06-22,2.0,4.322455154527772,-3.0,-6.483682731791657,2.8704055623510474,24
eg,eg2208,eg2209,2022-07-21,14.0,32.97997644287397,13.0,30.62426383981154,5.062840120035124,26
eg,eg2209,eg2210,2022-08-19,-15.0,-38.43197540353574,101.0,258.775301050474,0.3952205965101428,26
eg,eg2210,eg2211,2022-09-22,1.0,2.30361667818475,131.0,301.77378484220225,2.0983911028869247,19
eg,eg2211,eg2212,2022-10-28,-7.0,-18.484288354898336,70.0,184.84288354898337,1.2402979671334429,20
eg,eg2212,eg2301,2022-11-21,-14.0,-37.13527851458886,-89.0,-236.0742705570292,0.9451054213757227,26
eg,eg2301,eg2302,2022-12-21,-13.0,-32.19415552253591,-276.0,-683.5066864784546,0.7378704314533774,20
eg,eg2302,eg2303,2023-01-30,-22.0,-50.84354055927894,-53.0,-122.48671134735382,0.9582146218095892,18
eg,eg2303,eg2304,2023-02-21,-6.0,-14.221379473808959,240.0,568.8551789523584,0.788383762301911,25
eg,eg2304,eg2305,2023-03-21,-4.0,-10.04016064257028,11.0,27.610441767068274,0.7422565649638893,24
eg,eg2305,eg2306,2023-04-24,5.0,12.153621779290228,155.0,376.76227515799707,1.080264537219046,21
eg,eg2306,eg2307,2023-05-24,-8.0,-20.12578616352201,119.0,299.37106918238993,1.0408471488047395,22
eg,eg2307,eg2308,2023-06-21,-9.0,-22.95918367346939,-102.0,-260.2040816326531,0.505776276166406,23
eg,eg2308,eg2309,2023-07-21,-11.0,-27.08692440285644,37.0,91.1105639005171,0.5742304853050835,26
eg,eg2309,eg2310,2023-08-21,6.0,14.936519790888724,68.0,169.2805576300722,2.712407734020008,25
eg,eg2310,eg2311,2023-09-21,-3.0,-7.127583749109053,-17.0,-40.38964124495129,0.6273772799577056,19
eg,eg2311,eg2312,2023-10-27,-2.0,-4.912797838368951,180.0,442.1518054532056,0.9245778986420989,21
eg,eg2312,eg2401,2023-11-21,4.0,9.849790691947797,-308.0,-758.4338832799803,1.5209775741493,25
eg,eg2401,eg2402,2023-12-21,-18.0,-41.002277904328025,-171.0,-389.5216400911162,1.0332594059576716,25
eg,eg2402,eg2403,2024-01-22,23.0,50.605060506050606,154.0,338.83388338833885,3.2751544030223005,19
eg,eg2403,eg2404,2024-02-29,-83.0,-185.47486033519553,39.0,87.15083798882681,1.8514513701676778,18
eg,eg2404,eg2405,2024-03-21,-36.0,-80.86253369272238,196.0,440.251572327044,0.47261413297463384,23
eg,eg2405,eg2406,2024-04-23,2.0,4.542357483533954,-28.0,-63.593004769475364,1.178822459087401,22
eg,eg2406,eg2407,2024-05-24,-22.0,-49.39380332285587,-9.0,-20.20655590480467,0.7844891054175944,21
eg,eg2409,eg2410,2024-08-21,-16.0,-34.69210754553339,79.0,171.29228100607114,0.8352213529109446,23
eg,eg2410,eg2411,2024-09-24,18.0,40.62288422477996,210.0,473.9336492890995,1.4272930614777175,19
eg,eg2411,eg2412,2024-10-28,-12.0,-26.126714565643372,106.0,230.7859786631831,0.381294994100206,21
eg,eg2501,eg2502,2024-12-20,5.0,10.893246187363836,29.0,63.18082788671024,0.6442584679921654,22
eg,eg2502,eg2503,2025-01-22,-12.0,-25.778732545649838,375.0,805.5853920515575,0.6262296151148204,18
eg,eg2503,eg2504,2025-02-25,21.0,46.17414248021108,220.0,483.72911169744947,0.4447642459355777,21
eg,eg2505,eg2506,2025-04-22,33.0,78.94736842105263,91.0,217.70334928229664,1.176103117522591,22
eg,eg2506,eg2507,2025-05-26,18.0,40.286481647269476,3.0,6.714413607878246,0.7497316156650513,21
eg,eg2507,eg2508,2025-06-23,-51.0,-114.4267444469374,-149.0,-334.305586717523,0.7201705960039656,25
eg,eg2509,eg2510,2025-08-21,-14.0,-31.681375876895228,-103.0,-233.08440823715773,1.1476052057106483,25
eg,eg2510,eg2511,2025-09-19,63.0,146.7505241090147,-16.0,-37.26997437689262,1.196489260115799,21
eg,eg2511,eg2512,2025-10-29,-50.0,-123.70113805047006,33.0,81.64275111331024,0.8053143610491725,19
eg,eg2512,eg2601,2025-11-21,-20.0,-53.036329885971895,67.0,177.67170511800583,0.6117127905096094,25
eg,eg2601,eg2602,2025-12-19,-19.0,-52.50069079856314,-99.0,-273.5562310030395,0.6758093084317329,25
eg,eg2602,eg2603,2026-01-23,-39.0,-103.55815188528943,-15.0,-39.83005841741901,1.186783468034502,16
eg,eg2604,eg2605,2026-03-20,-44.0,-83.49146110056925,343.0,650.8538899430739,5.8313431332449115,25
eg,eg2605,eg2606,2026-04-22,-38.0,-77.64609726195341,475.0,970.5762157744177,0.8032202665850346,21
eg,eg2606,eg2607,2026-05-26,-23.0,-51.45413870246085,527.0,1178.9709172259509,0.7452424464630821,21
eg,eg2607,eg2608,2026-06-22,14.0,32.39241092086997,-106.0,-245.25682554372975,1.0332886839236364,14
pp,pp2010,pp2012,2020-09-21,78.0,97.62202753441802,164.0,205.25657071339174,1.3309837291768776,17
pp,pp2101,pp2103,2020-12-21,-259.0,-310.10536398467434,16.0,19.157088122605362,2.1751356038060874,18
pp,pp2102,pp2104,2021-01-22,4.0,4.9182343538669615,-287.0,-352.8833148899545,1.6367187700084123,15
pp,pp2103,pp2105,2021-02-26,131.0,138.0109565950274,-157.0,-165.4024441635061,1.4580273216412831,10
pp,pp2104,pp2106,2021-03-19,-100.0,-110.15642211940957,-131.0,-144.30491297642652,2.7783512840963573,18
pp,pp2105,pp2107,2021-04-22,-33.0,-38.26086956521739,-290.0,-336.231884057971,0.6115047227400559,16
pp,pp2109,pp2111,2021-08-20,102.0,121.1977186311787,-186.0,-221.00760456273767,2.147345775206167,17
pp,pp2110,pp2112,2021-09-23,-85.0,-91.38802279324804,513.0,551.5535963874852,1.0383355722815888,15
pp,pp2111,pp2201,2021-10-28,37.0,42.54829806807727,-116.0,-133.39466421343147,2.1218150230294133,11
pp,pp2112,pp2202,2021-11-19,-5.0,-5.995203836930456,-110.0,-131.89448441247,0.2664132480017692,17
pp,pp2201,pp2203,2021-12-21,12.0,14.725733218799853,-147.0,-180.3902319302982,0.8928413740481683,18
pp,pp2202,pp2204,2022-01-24,-79.0,-94.21586165772213,190.0,226.59511031604058,1.7294010227057959,14
pp,pp2203,pp2205,2022-02-25,-13.0,-15.274350840089296,-256.0,-300.7872165432969,3.444729160558027,11
pp,pp2204,pp2206,2022-03-21,-19.0,-21.442275138246245,-100.0,-112.85407967498026,2.5825115718601244,18
pp,pp2205,pp2207,2022-04-25,104.0,121.63742690058479,-18.0,-21.052631578947366,1.5299638403023479,14
pp,pp2206,pp2208,2022-05-25,-84.0,-99.85734664764621,288.0,342.36804564907277,1.7038477653013953,14
pp,pp2207,pp2209,2022-06-22,-47.0,-56.032427277062475,138.0,164.52074391988558,0.9018108803850471,16
pp,pp2208,pp2210,2022-07-21,55.0,71.48427345983883,211.0,274.2396672731999,0.7060540291858166,16
pp,pp2209,pp2211,2022-08-19,152.0,194.14995529441816,-151.0,-192.8726529569549,1.9587362558628476,18
pp,pp2210,pp2212,2022-09-22,105.0,128.04878048780486,-30.0,-36.58536585365854,1.1252677440177006,16
pp,pp2211,pp2301,2022-10-28,115.0,147.247119078105,-85.0,-108.8348271446863,1.4704114215352746,11
pp,pp2212,pp2302,2022-11-21,-38.0,-49.4148244473342,-179.0,-232.7698309492848,1.5314950263515485,17
pp,pp2301,pp2303,2022-12-21,-49.0,-62.412431537383775,-175.0,-222.90154120494205,1.2557969600609924,17
pp,pp2302,pp2304,2023-01-30,-42.0,-51.679586563307495,132.0,162.42155777039497,1.108048263237124,11
pp,pp2303,pp2305,2023-02-21,-5.0,-6.2900993835702605,349.0,439.04893697320415,0.34784103246215364,15
pp,pp2304,pp2306,2023-03-21,-28.0,-37.2093023255814,29.0,38.538205980066444,1.6967378754976365,18
pp,pp2305,pp2307,2023-04-24,58.0,76.43647865050079,-49.0,-64.57564575645756,3.4160502282052096,14
pp,pp2306,pp2308,2023-05-24,29.0,41.19318181818181,-24.0,-34.090909090909086,0.9652767686733215,15
pp,pp2307,pp2309,2023-06-21,14.0,19.61333706920706,-353.0,-494.53628467357805,1.5668872176505328,15
pp,pp2308,pp2310,2023-07-21,-40.0,-55.13439007580978,32.0,44.10751206064783,0.6352317249172369,16
pp,pp2309,pp2311,2023-08-21,-33.0,-43.14289449601255,-5.0,-6.536802196365538,0.7859710212126646,18
pp,pp2310,pp2312,2023-09-21,24.0,30.184882404728967,46.0,57.854357942397186,2.550871065354915,15
pp,pp2311,pp2401,2023-10-27,-11.0,-14.397905759162303,-116.0,-151.8324607329843,1.3619759088373018,12
pp,pp2312,pp2402,2023-11-21,-61.0,-81.4093153610036,-400.0,-533.8315761377286,1.0368909839074105,17
pp,pp2401,pp2403,2023-12-21,13.0,17.134572294714644,-22.0,-28.996968498747858,1.474688938282923,16
pp,pp2402,pp2404,2024-01-22,-30.0,-40.83299305839118,-24.0,-32.66639444671294,2.241225428908407,17
pp,pp2403,pp2405,2024-02-29,-34.0,-45.995670995671,-1.0,-1.352813852813853,1.8782106305485242,10
pp,pp2404,pp2406,2024-03-21,-43.0,-56.98383249403658,0.0,0.0,2.446848623974364,16
pp,pp2405,pp2407,2024-04-23,1.0,1.3296104241457252,-378.0,-502.5927403270842,0.7203051579768184,15
pp,pp2406,pp2408,2024-05-24,-55.0,-71.70795306388526,106.0,138.20078226857888,1.9115120580875986,15
pp,pp2408,pp2410,2024-07-19,-32.0,-42.1274354923644,84.0,110.58451816745657,0.5347130953968608,18
pp,pp2409,pp2411,2024-08-21,21.0,27.649769585253456,170.0,223.8314680710994,0.4436561524566492,17
pp,pp2411,pp2501,2024-10-28,-91.0,-121.43047771550575,-24.0,-32.02562049639712,1.1388931759390715,13
pp,pp2412,pp2502,2024-11-21,19.0,25.380710659898476,36.0,48.08976756612343,0.26453191392210373,16
pp,pp2501,pp2503,2024-12-20,-6.0,-8.156606851549755,-88.0,-119.63023382272975,0.5760845292096373,17
pp,pp2502,pp2504,2025-01-22,-7.0,-9.56676233429001,-7.0,-9.56676233429001,0.75966245625887,13
pp,pp2503,pp2505,2025-02-25,34.0,46.37206764866339,24.0,32.733224222585925,1.9208265065031527,13
pp,pp2504,pp2506,2025-03-21,68.0,93.84487993375654,-4.0,-5.520287054926857,1.1992708649125001,16
pp,pp2505,pp2507,2025-04-22,-18.0,-25.10110165946172,-9.0,-12.55055082973086,1.3721982953292327,16
pp,pp2506,pp2508,2025-05-26,5.0,7.131650263871061,28.0,39.93724147767794,0.9892164282732463,14
pp,pp2507,pp2509,2025-06-23,-26.0,-35.71919219673032,-9.0,-12.364335760406648,1.0879575890960076,15
pp,pp2508,pp2510,2025-07-21,-69.0,-97.67836919592298,6.0,8.493771234428086,2.1249913494633614,18
pp,pp2509,pp2511,2025-08-21,-3.0,-4.27594070695553,-66.0,-94.07069555302166,0.7829050776500709,16
pp,pp2510,pp2512,2025-09-19,-18.0,-26.389092508429847,28.0,41.049699457557544,1.1446673078169067,17
pp,pp2511,pp2601,2025-10-29,-14.0,-21.205695243865495,22.0,33.32323538321721,0.9408034205395645,12
pp,pp2512,pp2602,2025-11-21,-28.0,-44.34589800443459,78.0,123.53500158378208,0.8370460288736583,15
pp,pp2601,pp2603,2025-12-19,17.0,27.723418134377038,-155.0,-252.7723418134377,1.8473964725701217,18
pp,pp2602,pp2604,2026-01-23,-40.0,-61.1807892321811,116.0,177.42428877332517,1.8398461124892864,15
pp,pp2604,pp2606,2026-03-20,125.0,140.10311589329748,50.0,56.04124635731899,14.899103816937192,17
pp,pp2605,pp2607,2026-04-22,80.0,91.66953133952103,235.0,269.279248309843,0.736313093637228,16
pp,pp2606,pp2608,2026-05-26,645.0,683.0456422747009,234.0,247.8026051043101,0.9938556418491301,13
pp,pp2607,pp2609,2026-06-22,214.0,260.34063260340633,-232.0,-282.2384428223844,2.8201144716808813,14
