#ts=2026-07-09 14:29:46,rate=6.0
交易所,品种,月差,组合合约,近月到期天数,月差跨度(月),最新价差,价差买/卖,盘口宽(跳),fullcarry,时间贴水,转抛比例,可转抛,_last,_ask,_cap,_stor,_dec
GFEX,PD,pd2704-pd2706,,279,2,-5.15,-5.15/2.05,144.0,-3.44,,1.4981,是,-5.15,2.05,3.3297,0.108,0.0
GFEX,PS,ps2608-ps2609,SP ps2608&ps2609,36,1,-260,-270/-260,2.0,-314.7,,0.8262,是,-260,-260,194.7,120.0,0.0
DCE,V,v2608-v2609,SP v2608&v2609,36,1,-43,-44/-43,1.0,-54.54,,0.7884,是,-43,-43,24.541,30.0,0.0
GFEX,PD,pd2610-pd2612,SP pd2610&pd2612,104,2,-2.65,-2.8/-2.65,3.0,-3.38,,0.783,是,-2.65,-2.65,3.2763,0.108,0.0
DCE,V,v2609-v2610,SP v2609&v2610,67,1,-42,-42/-41,1.0,-54.77,,0.7668,是,-42,-41,24.772,30.0,0.0
DCE,J,j2608-j2609,SP j2608&j2609,36,1,-30.5,-34.5/-30.5,8.0,-40.54,,0.7524,是,-30.5,-30.5,10.5352,30.0,0.0
GFEX,PS,ps2612-ps2701,,158,1,-250,-680/-250,86.0,-340.0,,0.7353,是,-250,-250,220.0,120.0,0.0
SHFE,PB,pb2612-pb2701,,159,1,-80,-80/-5,15.0,-109.61,,0.7299,是,-80,-5,88.605,21.0,0.0
GFEX,PD,pd2702-pd2704,,218,2,-2.3,-7.8/2.3,202.0,-3.41,,0.674,是,-2.3,2.3,3.3044,0.108,0.0
GFEX,PD,pd2612-pd2702,SP pd2612&pd2702,158,2,-2.25,-2.7/-2.25,9.0,-3.4,,0.6617,是,-2.25,-2.25,3.2923,0.108,0.0
GFEX,SI,si2608-si2609,SP si2608&si2609,36,1,-50,-55/-50,1.0,-75.62,,0.6612,是,-50,-50,45.6225,30.0,0.0
DCE,V,v2610-v2611,SP v2610&v2611,104,1,-35,-36/-35,1.0,-55.01,,0.6362,是,-35,-35,25.014,30.0,0.0
DCE,FB,fb2608-fb2609,SP fb2608&fb2609,36,1,-23.0,-28.0/-23.0,10.0,-37.16,,0.6189,是,-23.0,-23.0,7.1638,30.0,0.0
CZCE,SM,SM608-SM609,SPD SM608&SM609,36,1,-28,-28/-26,1.0,-45.81,,0.6113,是,-28,-26,32.307,13.5,0.0
GFEX,PS,ps2610-ps2611,,104,1,-190,-250/-155,19.0,-316.9,,0.5996,是,-190,-155,196.9,120.0,0.0
CZCE,CF,CF609-CF611,SPD CF609&CF611,67,2,-280,-280/-275,1.0,-467.29,-244.0,0.5992,是,-280,-275,175.285,48.0,244.0
DCE,V,v2611-v2612,SP v2611&v2612,127,1,-33,-33/-32,1.0,-55.2,,0.5978,是,-33,-32,25.201,30.0,0.0
DCE,V,v2612-v2701,SP v2612&v2701,158,1,-32,-34/-32,2.0,-55.38,,0.5778,是,-32,-32,25.3825,30.0,0.0
DCE,J,j2609-j2610,SP j2609&j2610,67,1,-23.5,-23.5/-20.5,6.0,-40.68,,0.5776,是,-23.5,-20.5,10.6837,30.0,0.0
SHFE,NI,ni2608-ni2609,,39,1,-410,-440/-400,4.0,-738.86,,0.5549,是,-410,-400,701.36,37.5,0.0
INE,LU,lu2702-lu2703,,204,1,-34,-34/61,95.0,-62.65,,0.5427,是,-34,61,20.647,42.0,0.0
INE,SC,sc2608-sc2609,,22,1,-4.6,-4.7/-4.4,3.0,-8.6,,0.5351,是,-4.6,-4.4,2.596,6.0,0.0
SHFE,NI,ni2612-ni2701,,159,1,-380,-480/-280,20.0,-746.45,,0.5091,是,-380,-280,708.95,37.5,0.0
GFEX,PT,pt2612-pt2702,SP pt2612&pt2702,158,2,-2.3,-2.4/-2.3,2.0,-4.54,,0.5066,是,-2.3,-2.3,4.4324,0.108,0.0
DCE,M,m2608-m2609,SP m2608&m2609,36,1,-16,-16/-15,1.0,-31.68,,0.5051,是,-16,-15,16.676,15.0,0.0
GFEX,PS,ps2609-ps2610,SP ps2609&ps2610,67,1,-155,-160/-155,1.0,-316.1,,0.4903,是,-155,-155,196.1025,120.0,0.0
GFEX,LC,lc2608-lc2609,SP lc2608&lc2609,36,1,-480,-480/-460,1.0,-985.12,,0.4873,是,-480,-460,835.12,150.0,0.0
SHFE,NI,ni2611-ni2612,,130,1,-360,-410/-280,13.0,-744.47,,0.4836,是,-360,-280,706.97,37.5,0.0
DCE,J,j2610-j2611,SP j2610&j2611,104,1,-19.5,-20.0/-19.5,1.0,-40.81,,0.4778,是,-19.5,-19.5,10.813,30.0,0.0
CZCE,CJ,CJ703-CJ705,SPD CJ703&CJ705,246,2,-130,-135/-130,1.0,-277.46,,0.4685,是,-130,-130,97.46,180.0,0.0
DCE,V,v2701-v2702,SP v2701&v2702,189,1,-26,-27/-26,1.0,-55.55,,0.468,是,-26,-26,25.553,30.0,0.0
GFEX,LC,lc2612-lc2701,,158,1,-460,-660/-460,10.0,-990.84,,0.4643,是,-460,-460,840.84,150.0,0.0
GFEX,SI,si2609-si2610,SP si2609&si2610,67,1,-35,-35/-30,1.0,-75.9,,0.4611,是,-35,-30,45.8975,30.0,0.0
GFEX,SI,si2610-si2611,,104,1,-35,-40/-30,2.0,-76.09,,0.46,是,-35,-30,46.09,30.0,0.0
DCE,A,a2609-a2611,SP a2609&a2611,67,2,-37,-38/-37,1.0,-81.86,,0.452,是,-37,-37,51.865,30.0,0.0
DCE,M,m2609-m2611,SP m2609&m2611,67,2,-28,-28/-26,2.0,-63.53,,0.4408,是,-28,-26,33.528,30.0,0.0
INE,SC,sc2609-sc2610,,53,1,-3.8,-3.9/-3.6,3.0,-8.62,,0.4408,是,-3.8,-3.6,2.6213,6.0,0.0
SHFE,NI,ni2609-ni2610,,68,1,-320,-360/-310,5.0,-741.12,,0.4318,是,-320,-310,703.615,37.5,0.0
CZCE,SR,SR703-SR705,SPD SR703&SR705,246,2,-36,-36/-34,2.0,-89.59,,0.4018,是,-36,-34,59.587,30.0,0.0
CZCE,SR,SR609-SR611,SPD SR609&SR611,67,2,-43,-43/-42,1.0,-107.72,-20.0,0.3992,是,-43,-42,57.717,30.0,20.0
SHFE,NI,ni2610-ni2611,,98,1,-290,-290/-200,9.0,-742.88,,0.3904,是,-290,-200,705.375,37.5,0.0
CZCE,SA,SA608-SA609,SPD SA608&SA609,36,1,-8,-9/-8,1.0,-20.87,,0.3834,是,-8,-8,5.8685,15.0,0.0
DCE,J,j2611-j2612,SP j2611&j2612,127,1,-15.5,-19.0/-11.5,15.0,-40.91,,0.3788,是,-15.5,-11.5,10.9147,30.0,0.0
DCE,FB,fb2611-fb2612,SP fb2611&fb2612,127,1,-14.0,-15.5/-10.5,10.0,-37.3,,0.3754,是,-14.0,-10.5,7.2957,30.0,0.0
DCE,J,j2612-j2701,SP j2612&j2701,158,1,-15.0,-15.5/-11.5,8.0,-41.0,,0.3659,是,-15.0,-11.5,11.0,30.0,0.0
DCE,A,a2611-a2701,SP a2611&a2701,127,2,-30,-30/-29,1.0,-82.27,,0.3646,是,-30,-29,52.272,30.0,0.0
INE,SC,sc2610-sc2611,,83,1,-3.1,-3.1/-2.6,5.0,-8.64,,0.3587,是,-3.1,-2.6,2.6422,6.0,0.0
DCE,Y,y2608-y2609,SP y2608&y2609,36,1,-26,-28/-26,2.0,-74.17,,0.3506,是,-26,-26,47.168,27.0,0.0
SHFE,ZN,zn2608-zn2609,,39,1,-50,-50/-40,2.0,-145.29,,0.3441,是,-50,-40,136.29,9.0,0.0
SHFE,NI,ni2701-ni2702,,190,1,-240,-540/-160,38.0,-748.54,,0.3206,是,-240,-160,711.04,37.5,0.0
SHFE,PB,pb2610-pb2611,,98,1,-35,-40/-10,6.0,-109.66,,0.3192,是,-35,-10,88.66,21.0,0.0
GFEX,SI,si2701-si2702,,189,1,-25,-50/-10,8.0,-78.34,,0.3191,是,-25,-10,48.345,30.0,0.0
INE,SC,sc2611-sc2612,,113,1,-2.7,-3.5/-2.7,8.0,-8.66,,0.3117,是,-2.7,-2.7,2.6614,6.0,0.0
SHFE,AG,ag2610-ag2611,,98,1,-24,-24/-13,11.0,-79.85,,0.3006,是,-24,-13,79.3705,0.48,0.0
GFEX,PT,pt2610-pt2612,SP pt2610&pt2612,104,2,-1.35,-1.5/-1.35,3.0,-4.53,,0.2978,是,-1.35,-1.35,4.4247,0.108,0.0
CZCE,SR,SR701-SR703,SPD SR701&SR703,189,2,-25,-26/-25,1.0,-89.31,,0.2799,是,-25,-25,59.312,30.0,0.0
GFEX,PT,pt2702-pt2704,,218,2,-1.2,-8.0/-1.2,136.0,-4.56,,0.263,是,-1.2,-1.2,4.4539,0.108,0.0
SHFE,AU,au2608-au2609,,39,1,-1.24,-1.24/-0.84,20.0,-4.99,,0.2485,是,-1.24,-0.84,4.9363,0.054,0.0
INE,SC,sc2701-sc2702,,175,1,-2.1,-3.9/-0.2,37.0,-8.68,,0.2418,是,-2.1,-0.2,2.684,6.0,0.0
SHFE,AU,au2702-au2704,,221,2,-2.4,-2.46/-1.7,38.0,-10.05,,0.2388,是,-2.4,-1.7,9.9438,0.108,0.0
CZCE,SA,SA610-SA611,SPD SA610&SA611,104,1,-5,-5/-4,1.0,-21.03,,0.2378,是,-5,-4,6.028,15.0,0.0
CZCE,SA,SA612-SA701,SPD SA612&SA701,158,1,-5,-5/-4,1.0,-21.25,,0.2353,是,-5,-4,6.2535,15.0,0.0
CZCE,UR,UR608-UR609,SPD UR608&UR609,36,1,-5,-6/-5,1.0,-21.47,,0.2329,是,-5,-5,9.471,12.0,0.0
SHFE,AU,au2610-au2612,,98,2,-2.3,-2.36/-2.1,13.0,-10.0,,0.2299,是,-2.3,-2.1,9.896,0.108,0.0
SHFE,PB,pb2608-pb2609,,39,1,-25,-25/-15,2.0,-109.44,,0.2284,是,-25,-15,88.44,21.0,0.0
DCE,J,j2701-j2702,SP j2701&j2702,189,1,-9.0,-11.0/-7.5,7.0,-41.08,,0.2191,是,-9.0,-7.5,11.0825,30.0,0.0
SHFE,AL,al2608-al2609,,39,1,-30,-40/-30,2.0,-138.8,,0.2161,是,-30,-30,126.8025,12.0,0.0
SHFE,AL,al2610-al2611,,98,1,-30,-35/-15,4.0,-139.1,,0.2157,是,-30,-15,127.105,12.0,0.0
SHFE,AG,ag2609-ag2610,,68,1,-17,-21/-13,8.0,-79.76,,0.2131,是,-17,-13,79.277,0.48,0.0
CZCE,SH,SH608-SH609,SPD SH608&SH609,36,1,-36,-37/-36,1.0,-172.44,,0.2088,是,-36,-36,10.4445,162.0,0.0
SHFE,AU,au2612-au2702,,159,2,-2.04,-2.28/-1.88,20.0,-10.03,,0.2034,是,-2.04,-1.88,9.9213,0.108,0.0
SHFE,AU,au2704-au2706,,280,2,-2.04,-2.38/-1.32,53.0,-10.08,,0.2024,是,-2.04,-1.32,9.9702,0.108,0.0
SHFE,AG,ag2612-ag2701,,159,1,-16,-25/-10,15.0,-80.04,,0.1999,是,-16,-10,79.5575,0.48,0.0
SHFE,AU,au2609-au2610,,68,1,-0.92,-1.44/-0.92,26.0,-5.0,,0.1841,是,-0.92,-0.92,4.9431,0.054,0.0
SHFE,PB,pb2609-pb2610,,68,1,-20,-30/-20,2.0,-109.58,,0.1825,是,-20,-20,88.5775,21.0,0.0
SHFE,AL,al2609-al2610,,68,1,-25,-30/-15,3.0,-138.97,,0.1799,是,-25,-15,126.9675,12.0,0.0
SHFE,AG,ag2701-ag2702,,190,1,-14,-24/-3,21.0,-80.13,,0.1747,是,-14,-3,79.6455,0.48,0.0
CZCE,SM,SM612-SM701,SPD SM612&SM701,158,1,-8,-10/-8,1.0,-46.25,,0.173,是,-8,-8,32.747,13.5,0.0
INE,SC,sc2612-sc2701,,144,1,-1.5,-2.7/-1.2,15.0,-8.68,,0.1729,是,-1.5,-1.2,2.6758,6.0,0.0
SHFE,ZN,zn2609-zn2610,,68,1,-25,-35/-25,2.0,-145.56,,0.1717,是,-25,-25,136.565,9.0,0.0
SHFE,AG,ag2608-ag2609,,39,1,-13,-16/-9,7.0,-79.69,,0.1631,是,-13,-9,79.2055,0.48,0.0
SHFE,AG,ag2611-ag2612,,130,1,-11,-25/-11,14.0,-79.98,,0.1375,是,-11,-11,79.5025,0.48,0.0
DCE,C,c2611-c2701,SP c2611&c2701,127,2,-8,-9/-7,2.0,-60.91,,0.1313,是,-8,-7,24.915,36.0,0.0
CZCE,SM,SM611-SM612,SPD SM611&SM612,127,1,-6,-6/-4,1.0,-46.21,,0.1298,是,-6,-4,32.714,13.5,0.0
GFEX,SI,si2612-si2701,,158,1,-10,-40/-5,7.0,-78.29,,0.1277,是,-10,-5,48.29,30.0,0.0
CZCE,SH,SH610-SH611,SPD SH610&SH611,104,1,-20,-20/-19,1.0,-173.04,,0.1156,是,-20,-19,11.0385,162.0,0.0
DCE,Y,y2609-y2611,SP y2609&y2611,67,2,-17,-17/-16,1.0,-148.62,,0.1144,是,-17,-16,94.622,54.0,0.0
CZCE,RM,RM608-RM609,SPD RM608&RM609,36,1,-3,-3/-2,1.0,-27.83,,0.1078,是,-3,-2,12.826,15.0,0.0
SHFE,AL,al2612-al2701,,159,1,-15,-30/-5,5.0,-139.27,,0.1077,是,-15,-5,127.27,12.0,0.0
SHFE,ZN,zn2612-zn2701,,159,1,-15,-50/5,11.0,-145.73,,0.1029,是,-15,5,136.73,9.0,0.0
CZCE,SM,SM701-SM702,SPD SM701&SM702,189,1,-4,-10/-4,3.0,-46.29,,0.0864,是,-4,-4,32.791,13.5,0.0
DCE,C,c2701-c2703,SP c2701&c2703,189,2,-5,-6/-5,1.0,-61.0,,0.082,是,-5,-5,25.003,36.0,0.0
SHFE,AL,al2701-al2702,,190,1,-10,-25/10,7.0,-139.35,,0.0718,是,-10,10,127.3525,12.0,0.0
SHFE,CU,cu2701-cu2702,,190,1,-40,-90/-10,8.0,-574.89,,0.0696,是,-40,-10,565.895,9.0,0.0
CZCE,SH,SH612-SH701,SPD SH612&SH701,158,1,-12,-14/-12,2.0,-173.39,,0.0692,是,-12,-12,11.3905,162.0,0.0
SHFE,ZN,zn2610-zn2611,,98,1,-10,-20/0,4.0,-145.7,,0.0686,是,-10,0,136.7025,9.0,0.0
SHFE,SN,sn2611-sn2612,,130,1,-120,-410/330,74.0,-2313.2,,0.0519,是,-120,330,2268.2,45.0,0.0
DCE,A,a2701-a2703,SP a2701&a2703,189,2,-4,-4/-3,1.0,-82.61,,0.0484,是,-4,-3,52.613,30.0,0.0
CZCE,UR,UR612-UR701,SPD UR612&UR701,158,1,-1,-2/-1,1.0,-21.49,,0.0465,是,-1,-1,9.493,12.0,0.0
DCE,FB,fb2612-fb2701,SP fb2612&fb2701,158,1,-1.0,-3.0/0.5,7.0,-37.37,,0.0268,是,-1.0,0.5,7.3728,30.0,0.0
GFEX,LC,lc2609-lc2610,SP lc2609&lc2610,67,1,-20,-60/-20,2.0,-988.86,,0.0202,是,-20,-20,838.86,150.0,0.0
SHFE,AL,al2611-al2612,,130,1,0,-20/0,4.0,-139.27,,-0.0,是,0,0,127.27,12.0,0.0
CZCE,FG,FG608-FG609,SPD FG608&FG609,36,1,0,-1/0,1.0,-41.24,,-0.0,是,0,0,5.2415,36.0,0.0
CZCE,UR,UR611-UR612,SPD UR611&UR612,127,1,0,0/1,1.0,-21.49,,-0.0,是,0,1,9.493,12.0,0.0
CZCE,MA,MA608-MA609,SPD MA608&MA609,36,1,0,-1/1,2.0,-73.62,,-0.0,是,0,1,13.618,60.0,0.0
INE,BC,bc2610-bc2611,,98,1,0,-200/0,20.0,-516.6,,-0.0,是,0,0,501.6,15.0,0.0
INE,SC,sc2702-sc2703,,204,1,0.0,-2.0/1.9,39.0,-8.7,,-0.0,是,0.0,1.9,2.6956,6.0,0.0
SHFE,CU,cu2608-cu2609,,39,1,10,-10/10,2.0,-575.94,,-0.0174,是,10,10,566.94,9.0,0.0
CZCE,CJ,CJ612-CJ701,SPD CJ612&CJ701,158,1,5,-5/5,2.0,-188.95,-50.0,-0.0265,是,5,5,48.95,90.0,50.0
SHFE,SN,sn2701-sn2702,,190,1,70,-340/280,62.0,-2311.0,,-0.0303,是,70,280,2266.0,45.0,0.0
SHFE,FU,fu2608-fu2609,,22,1,2,2/5,3.0,-59.33,,-0.0337,是,2,5,17.325,42.0,0.0
SHFE,ZN,zn2611-zn2612,,130,1,5,-10/50,12.0,-145.76,,-0.0343,是,5,50,136.7575,9.0,0.0
SHFE,CU,cu2612-cu2701,,159,1,20,-10/50,6.0,-575.0,,-0.0348,是,20,50,566.005,9.0,0.0
INE,BC,bc2608-bc2609,,39,1,20,0/50,5.0,-517.87,,-0.0386,是,20,50,502.865,15.0,0.0
SHFE,PB,pb2611-pb2612,,130,1,5,-50/5,11.0,-109.85,,-0.0455,是,5,5,88.8525,21.0,0.0
CZCE,OI,OI609-OI611,SPD OI609&OI611,67,2,8,7/8,1.0,-163.08,,-0.0491,是,8,8,109.076,54.0,0.0
SHFE,CU,cu2611-cu2612,,130,1,30,20/60,4.0,-575.17,,-0.0522,是,30,60,566.17,9.0,0.0
CZCE,MA,MA610-MA611,SPD MA610&MA611,104,1,5,5/6,1.0,-73.58,,-0.068,是,5,6,13.5795,60.0,0.0
DCE,EG,eg2701-eg2702,SP eg2701&eg2702,201,1,5,5/6,1.0,-67.03,,-0.0746,是,5,6,22.033,45.0,0.0
DCE,I,i2701-i2702,SP i2701&i2702,189,1,1.0,1.0/1.5,1.0,-13.03,,-0.0767,是,1.0,1.5,4.0315,9.0,0.0
GFEX,LC,lc2610-lc2611,,104,1,80,80/1060,49.0,-986.99,,-0.0811,是,80,1060,836.99,150.0,0.0
CZCE,SM,SM609-SM610,SPD SM609&SM610,67,1,4,2/4,1.0,-45.96,,-0.087,是,4,4,32.461,13.5,0.0
DCE,CS,cs2701-cs2703,SP cs2701&cs2703,189,2,7,6/7,1.0,-77.05,,-0.0908,是,7,7,29.051,48.0,0.0
CZCE,RM,RM701-RM703,SPD RM701&RM703,189,2,5,5/6,1.0,-54.91,,-0.091,是,5,6,24.915,30.0,0.0
CZCE,UR,UR701-UR702,SPD UR701&UR702,189,1,2,2/5,3.0,-21.5,,-0.093,是,2,5,9.4985,12.0,0.0
DCE,M,m2612-m2701,SP m2612&m2701,158,1,3,3/5,2.0,-32.12,,-0.0934,是,3,5,17.116,15.0,0.0
CZCE,CJ,CJ701-CJ703,SPD CJ701&CJ703,189,2,40,40/45,1.0,-427.85,-150.0,-0.0935,是,40,45,97.845,180.0,150.0
CZCE,MA,MA609-MA610,SPD MA609&MA610,67,1,7,7/8,1.0,-73.62,,-0.0951,是,7,8,13.618,60.0,0.0
INE,LU,lu2701-lu2702,,175,1,6,4/47,43.0,-62.68,,-0.0957,是,6,47,20.68,42.0,0.0
CZCE,MA,MA612-MA701,SPD MA612&MA701,158,1,8,8/9,1.0,-73.56,,-0.1088,是,8,9,13.5575,60.0,0.0
SHFE,CU,cu2609-cu2610,,68,1,70,70/90,2.0,-575.88,,-0.1216,是,70,90,566.885,9.0,0.0
SHFE,CU,cu2610-cu2611,,98,1,70,40/70,3.0,-575.55,,-0.1216,是,70,70,566.555,9.0,0.0
DCE,L,l2701-l2702,SP l2701&l2702,189,1,10,10/11,1.0,-68.57,,-0.1458,是,10,11,38.566,30.0,0.0
CZCE,OI,OI703-OI705,SPD OI703&OI705,246,2,24,21/24,3.0,-161.1,,-0.149,是,24,24,107.096,54.0,0.0
CZCE,TA,TA702-TA705,SPD TA702&TA705,218,3,20,4/30,13.0,-133.87,,-0.1494,是,20,30,88.869,45.0,0.0
CZCE,FG,FG612-FG701,SPD FG612&FG701,158,1,7,6/7,1.0,-41.75,,-0.1677,是,7,7,5.753,36.0,0.0
CZCE,FG,FG610-FG611,SPD FG610&FG611,104,1,7,7/8,1.0,-41.45,,-0.1689,是,7,8,5.4505,36.0,0.0
SHFE,ZN,zn2701-zn2702,,190,1,25,-20/25,9.0,-145.81,,-0.1715,是,25,25,136.8125,9.0,0.0
DCE,I,i2611-i2612,SP i2611&i2612,127,1,2.5,2.5/3.0,1.0,-13.06,,-0.1914,是,2.5,3.0,4.0645,9.0,0.0
SHFE,BU,bu2701-bu2702,,190,1,13,-8/13,21.0,-63.6,,-0.2044,是,13,13,18.601,45.0,0.0
SHFE,FU,fu2702-fu2703,,204,1,13,13/19,6.0,-58.49,,-0.2222,是,13,19,16.4945,42.0,0.0
CZCE,TA,TA701-TA702,SPD TA701&TA702,189,1,10,10/12,1.0,-44.66,,-0.2239,是,10,12,29.656,15.0,0.0
SHFE,SN,sn2612-sn2701,,159,1,520,250/900,65.0,-2313.86,,-0.2247,是,520,900,2268.86,45.0,0.0
SHFE,PB,pb2701-pb2702,,190,1,25,-55/30,17.0,-110.18,,-0.2269,是,25,30,89.1825,21.0,0.0
DCE,I,i2610-i2611,SP i2610&i2611,104,1,3.0,2.5/3.0,1.0,-13.08,,-0.2293,是,3.0,3.0,4.081,9.0,0.0
CZCE,MA,MA701-MA702,SPD MA701&MA702,189,1,17,16/17,1.0,-73.51,,-0.2313,是,17,17,13.5135,60.0,0.0
CZCE,MA,MA702-MA705,SPD MA702&MA705,218,3,52,18/58,40.0,-220.26,,-0.2361,是,52,58,40.26,180.0,0.0
CZCE,PF,PF701-PF702,SPD PF701&PF702,189,1,18,18/30,6.0,-73.94,,-0.2434,是,18,30,37.939,36.0,0.0
CZCE,PX,PX608-PX609,SPD PX608&PX609,36,1,34,32/34,1.0,-133.22,,-0.2552,是,34,34,43.219,90.0,0.0
DCE,I,i2608-i2609,SP i2608&i2609,36,1,3.5,3.0/3.5,1.0,-13.12,,-0.2668,是,3.5,3.5,4.1167,9.0,0.0
DCE,I,i2612-i2701,SP i2612&i2701,158,1,3.5,3.0/3.5,1.0,-13.05,,-0.2682,是,3.5,3.5,4.0508,9.0,0.0
CZCE,CF,CF703-CF705,SPD CF703&CF705,246,2,65,60/70,2.0,-226.69,,-0.2867,是,65,70,178.695,48.0,0.0
CZCE,PL,PL612-PL701,SPD PL612&PL701,158,1,54,30/54,24.0,-187.68,,-0.2877,是,54,54,37.675,150.0,0.0
CZCE,SF,SF612-SF701,SPD SF612&SF701,158,1,14,14/18,2.0,-45.6,,-0.307,是,14,18,32.098,13.5,0.0
SHFE,SN,sn2610-sn2611,,98,1,790,440/920,48.0,-2317.55,,-0.3409,是,790,920,2272.545,45.0,0.0
CZCE,PL,PL610-PL611,SPD PL610&PL611,104,1,66,66/67,1.0,-188.34,,-0.3504,是,66,67,38.335,150.0,0.0
DCE,EG,eg2612-eg2701,SP eg2612&eg2701,172,1,24,24/26,2.0,-67.17,,-0.3573,是,24,26,22.165,45.0,0.0
SHFE,FU,fu2701-fu2702,,175,1,21,14/21,7.0,-58.64,,-0.3581,是,21,21,16.6375,42.0,0.0
CZCE,PX,PX612-PX701,SPD PX612&PX701,158,1,48,48/50,1.0,-132.21,,-0.3631,是,48,50,42.207,90.0,0.0
DCE,EG,eg2611-eg2612,SP eg2611&eg2612,139,1,25,22/25,3.0,-67.3,,-0.3715,是,25,25,22.3025,45.0,0.0
SHFE,FU,fu2611-fu2612,,113,1,22,18/22,4.0,-58.91,,-0.3734,是,22,22,16.9125,42.0,0.0
INE,BC,bc2609-bc2610,,68,1,210,100/210,11.0,-517.75,,-0.4056,是,210,210,502.755,15.0,0.0
DCE,L,l2612-l2701,SP l2612&l2701,158,1,30,29/30,1.0,-68.73,,-0.4365,是,30,30,38.731,30.0,0.0
CZCE,SF,SF608-SF609,SPD SF608&SF609,36,1,20,18/20,1.0,-45.56,,-0.4389,是,20,20,32.065,13.5,0.0
DCE,Y,y2612-y2701,SP y2612&y2701,158,1,33,31/33,2.0,-74.38,,-0.4437,是,33,33,47.377,27.0,0.0
DCE,EG,eg2610-eg2611,SP eg2610&eg2611,110,1,30,30/31,1.0,-67.47,,-0.4447,是,30,31,22.4675,45.0,0.0
DCE,PP,pp2701-pp2702,SP pp2701&pp2702,189,1,31,31/32,1.0,-69.47,,-0.4462,是,31,32,39.4735,30.0,0.0
DCE,FB,fb2610-fb2611,SP fb2610&fb2611,104,1,17.0,10.0/17.0,14.0,-37.39,,-0.4547,是,17.0,17.0,7.3893,30.0,0.0
CZCE,OI,OI701-OI703,SPD OI701&OI703,189,2,74,74/75,1.0,-161.91,,-0.457,是,74,75,107.91,54.0,0.0
DCE,PP,pp2612-pp2701,SP pp2612&pp2701,158,1,32,31/32,1.0,-69.65,,-0.4594,是,32,32,39.6495,30.0,0.0
CZCE,PR,PR612-PR701,SPD PR612&PR701,158,1,28,14/28,7.0,-60.61,,-0.462,是,28,28,36.608,24.0,0.0
SHFE,SN,sn2609-sn2610,,68,1,1090,1030/1320,29.0,-2323.54,,-0.4691,是,1090,1320,2278.54,45.0,0.0
SHFE,FU,fu2612-fu2701,,144,1,28,25/30,5.0,-58.79,,-0.4763,是,28,30,16.7915,42.0,0.0
CZCE,PX,PX610-PX611,SPD PX610&PX611,104,1,64,62/64,1.0,-132.83,,-0.4818,是,64,64,42.834,90.0,0.0
CZCE,PR,PR611-PR612,SPD PR611&PR612,127,1,32,32/44,6.0,-60.77,,-0.5265,是,32,44,36.773,24.0,0.0
DCE,L,l2611-l2612,SP l2611&l2612,127,1,37,35/37,2.0,-68.93,,-0.5367,是,37,37,38.9345,30.0,0.0
CFFEX,IH,IH2608-IH2609,,43,1,9.0,9.0/10.0,5.0,-16.23,,-0.5544,是,9.0,10.0,16.2327,0.0,0.0
DCE,EG,eg2609-eg2610,SP eg2609&eg2610,77,1,38,37/38,1.0,-67.68,,-0.5615,是,38,38,22.6765,45.0,0.0
DCE,C,c2609-c2611,SP c2609&c2611,67,2,36,36/38,2.0,-61.31,,-0.5872,是,36,38,25.311,36.0,0.0
CZCE,OI,OI611-OI701,SPD OI611&OI701,127,2,98,97/99,2.0,-162.99,,-0.6013,是,98,99,108.988,54.0,0.0
SHFE,FU,fu2609-fu2610,,53,1,36,35/37,2.0,-59.31,,-0.6069,是,36,37,17.314,42.0,0.0
SHFE,FU,fu2610-fu2611,,83,1,37,36/38,2.0,-59.12,,-0.6259,是,37,38,17.116,42.0,0.0
CZCE,PF,PF608-PF609,SPD PF608&PF609,36,1,48,48/50,1.0,-75.04,,-0.6397,是,48,50,39.039,36.0,0.0
SHFE,SN,sn2608-sn2609,,39,1,1500,1420/1520,10.0,-2331.79,,-0.6433,是,1500,1520,2286.79,45.0,0.0
CZCE,SF,SF611-SF612,SPD SF611&SF612,127,1,30,30/32,1.0,-45.76,,-0.6556,是,30,32,32.263,13.5,0.0
CFFEX,IH,IH2609-IH2612,,71,3,32.0,31.0/32.0,5.0,-48.55,,-0.6591,是,32.0,32.0,48.5496,0.0,0.0
CZCE,CF,CF701-CF703,SPD CF701&CF703,189,2,155,155/160,1.0,-228.4,,-0.6786,是,155,160,180.4,48.0,0.0
DCE,CS,cs2609-cs2611,SP cs2609&cs2611,67,2,53,53/55,2.0,-77.58,,-0.6832,是,53,55,29.579,48.0,0.0
SHFE,BU,bu2612-bu2701,,159,1,44,44/48,4.0,-63.84,,-0.6892,是,44,48,18.843,45.0,0.0
DCE,Y,y2701-y2703,SP y2701&y2703,189,2,104,104/106,2.0,-148.37,,-0.701,是,104,106,94.369,54.0,0.0
DCE,EG,eg2608-eg2609,SP eg2608&eg2609,48,1,50,49/50,1.0,-67.96,,-0.7357,是,50,50,22.9625,45.0,0.0
CFFEX,IF,IF2608-IF2609,,43,1,20.2,19.0/22.4,17.0,-26.41,,-0.7649,是,20.2,22.4,26.4099,0.0,0.0
CZCE,PF,PF611-PF612,SPD PF611&PF612,127,1,58,56/58,1.0,-74.38,,-0.7798,是,58,58,38.379,36.0,0.0
GFEX,LC,lc2701-lc2702,,189,1,800,-2260/1380,182.0,-993.15,,-0.8055,是,800,1380,843.15,150.0,0.0
DCE,PP,pp2611-pp2612,SP pp2611&pp2612,127,1,57,57/58,1.0,-69.96,,-0.8147,是,57,58,39.963,30.0,0.0
DCE,L,l2610-l2611,SP l2610&l2611,104,1,58,57/59,2.0,-69.25,,-0.8375,是,58,59,39.2535,30.0,0.0
CZCE,PF,PF610-PF611,SPD PF610&PF611,104,1,66,64/66,1.0,-74.74,,-0.883,是,66,66,38.742,36.0,0.0
CFFEX,IH,IH2607-IH2608,,8,1,15.0,13.8/15.0,6.0,-16.32,,-0.9194,是,15.0,15.0,16.3152,0.0,0.0
DCE,L,l2609-l2610,SP l2609&l2610,67,1,66,65/66,1.0,-69.62,,-0.9481,是,66,66,39.6165,30.0,0.0
CFFEX,IC,IC2608-IC2609,,43,1,48.2,48.2/50.2,10.0,-46.79,,-1.0301,是,48.2,50.2,46.7907,0.0,0.0
INE,LU,lu2611-lu2612,,113,1,66,60/69,9.0,-63.35,,-1.0418,是,66,69,21.351,42.0,0.0
CFFEX,IF,IF2609-IF2612,,71,3,83.6,81.4/83.6,11.0,-78.9,,-1.0596,是,83.6,83.6,78.8964,0.0,0.0
CZCE,TA,TA612-TA701,SPD TA612&TA701,158,1,48,46/48,1.0,-44.93,,-1.0683,是,48,48,29.931,15.0,0.0
CZCE,UR,UR609-UR610,SPD UR609&UR610,67,1,23,22/23,1.0,-21.49,,-1.0701,是,23,23,9.493,12.0,0.0
CZCE,SF,SF701-SF702,SPD SF701&SF702,189,1,56,56/62,3.0,-45.52,,-1.2302,是,56,62,32.021,13.5,0.0
CZCE,TA,TA611-TA612,SPD TA611&TA612,127,1,56,56/58,1.0,-45.23,,-1.2382,是,56,58,30.228,15.0,0.0
CZCE,PR,PR610-PR611,SPD PR610&PR611,104,1,78,78/80,1.0,-61.2,,-1.2745,是,78,80,37.202,24.0,0.0
SHFE,BU,bu2611-bu2612,,130,1,83,81/85,4.0,-64.3,,-1.2908,是,83,85,19.2995,45.0,0.0
DCE,M,m2701-m2703,SP m2701&m2703,189,2,83,82/83,1.0,-64.2,,-1.2929,是,83,83,34.199,30.0,0.0
CFFEX,IF,IF2607-IF2608,,8,1,34.6,33.6/36.0,12.0,-26.6,,-1.3007,是,34.6,36.0,26.6002,0.0,0.0
CFFEX,IC,IC2609-IC2612,,71,3,187.0,186.8/188.6,9.0,-139.58,,-1.3398,是,187.0,188.6,139.5768,0.0,0.0
INE,LU,lu2610-lu2611,,83,1,96,94/99,5.0,-63.88,,-1.5028,是,96,99,21.879,42.0,0.0
INE,LU,lu2609-lu2610,,53,1,99,95/99,4.0,-64.42,,-1.5367,是,99,99,22.4235,42.0,0.0
DCE,L,l2608-l2609,SP l2608&l2609,36,1,108,108/109,1.0,-70.21,,-1.5382,是,108,109,40.2105,30.0,0.0
CZCE,SF,SF609-SF610,SPD SF609&SF610,67,1,70,70/72,1.0,-45.44,,-1.5404,是,70,72,31.944,13.5,0.0
CFFEX,IM,IM2608-IM2609,,43,1,69.2,69.2/71.4,11.0,-44.87,,-1.5423,是,69.2,71.4,44.8679,0.0,0.0
CFFEX,IC,IC2607-IC2608,,8,1,74.0,72.0/74.2,11.0,-47.2,,-1.5679,是,74.0,74.2,47.1977,0.0,0.0
CZCE,PL,PL608-PL609,SPD PL608&PL609,36,1,313,289/313,24.0,-190.82,,-1.6403,是,313,313,40.8155,150.0,0.0
DCE,PG,pg2612-pg2701,SP pg2612&pg2701,172,1,92,90/92,2.0,-55.97,,-1.6437,是,92,92,25.971,30.0,0.0
DCE,PG,pg2611-pg2612,SP pg2611&pg2612,139,1,93,92/94,2.0,-56.48,,-1.6465,是,93,94,26.4825,30.0,0.0
INE,LU,lu2608-lu2609,,22,1,109,109/112,3.0,-65.02,,-1.6763,是,109,112,23.023,42.0,0.0
CFFEX,IM,IM2609-IM2612,,71,3,226.8,225.2/227.4,11.0,-133.46,,-1.6994,是,226.8,227.4,133.4619,0.0,0.0
CZCE,TA,TA610-TA611,SPD TA610&TA611,104,1,80,78/80,1.0,-45.67,,-1.7518,是,80,80,30.668,15.0,0.0
DCE,PG,pg2610-pg2611,SP pg2610&pg2611,110,1,100,100/101,1.0,-57.03,,-1.7534,是,100,101,27.0325,30.0,0.0
DCE,PG,pg2701-pg2702,SP pg2701&pg2702,201,1,100,97/100,3.0,-55.42,,-1.8045,是,100,100,25.4155,30.0,0.0
DCE,PP,pp2610-pp2611,SP pp2610&pp2611,104,1,130,128/130,2.0,-70.7,,-1.8388,是,130,130,40.7,30.0,0.0
CFFEX,IM,IM2607-IM2608,,8,1,83.8,80.0/83.8,19.0,-45.33,,-1.8486,是,83.8,83.8,45.331,0.0,0.0
CZCE,RM,RM609-RM611,SPD RM609&RM611,67,2,110,109/110,1.0,-55.69,,-1.9754,是,110,110,25.685,30.0,0.0
SHFE,BU,bu2609-bu2610,,68,1,144,144/146,2.0,-65.56,,-2.1963,是,144,146,20.5645,45.0,0.0
DCE,PG,pg2608-pg2609,SP pg2608&pg2609,48,1,139,138/139,1.0,-56.0,,-2.482,是,139,139,26.004,30.0,0.0
DCE,PP,pp2608-pp2609,SP pp2608&pp2609,36,1,209,207/209,2.0,-73.07,,-2.8603,是,209,209,43.0705,30.0,0.0
CZCE,PR,PR608-PR609,SPD PR608&PR609,36,1,180,180/182,1.0,-62.54,,-2.878,是,180,182,38.544,24.0,0.0
CZCE,TA,TA608-TA609,SPD TA608&TA609,36,1,138,136/138,1.0,-46.77,,-2.9507,是,138,138,31.768,15.0,0.0
DCE,PP,pp2609-pp2610,SP pp2609&pp2610,67,1,227,227/229,2.0,-71.92,,-3.1562,是,227,229,41.921,30.0,0.0
SHFE,BU,bu2608-bu2609,,39,1,253,250/253,3.0,-66.96,,-3.7786,是,253,253,21.956,45.0,0.0
